seg_id,time_to_failure
seg_00f3b9,2.9515405
seg_d320f5,4.050189
seg_7cef95,7.5551567
seg_bc07c8,2.1925735
seg_4ad674,4.0441217
seg_b4402d,9.682751
seg_dc5e63,2.9786737
seg_3d06cc,5.8495326
seg_103b32,4.186494
seg_13468a,4.0622063
seg_98ebaa,9.043234
seg_492dc6,3.6251576
seg_650de2,3.6041102
seg_434c96,2.4136853
seg_b26368,3.2945848
seg_a55540,9.342921
seg_19515c,5.1675863
seg_8c0114,2.940101
seg_b20487,9.682751
seg_1abcaf,2.878532
seg_93f935,3.5953128
seg_ab4bca,2.7518544
seg_37608b,5.138846
seg_335170,2.212988
seg_a25c46,3.617084
seg_f650cc,2.9311259
seg_4ae712,9.241996
seg_1fa983,2.9679923
seg_695380,2.7729695
seg_4d8f0f,4.002879
seg_ea9d37,3.248538
seg_1f3ede,2.9311259
seg_71c9e9,3.1731465
seg_eaa0ec,6.635968
seg_34ef79,5.09391
seg_9872f9,4.1372724
seg_211299,6.5709295
seg_9bab11,9.66969
seg_d7967e,9.017508
seg_2f4f14,4.0722923
seg_a68007,3.2403204
seg_97ad82,8.156001
seg_ea9fa4,9.443483
seg_e30ef5,3.1278906
seg_268956,3.5649714
seg_025e78,4.4236703
seg_3cbccf,3.6796954
seg_e30e44,2.7729695
seg_a91c03,6.8394856
seg_f734c8,8.671683
seg_ff2f2d,5.8129644
seg_5470ca,4.058949
seg_b36c8a,2.878532
seg_0dc38f,2.2056193
seg_e53a52,4.0697155
seg_316f86,5.082862
seg_1b08a4,5.8230896
seg_468fdb,4.016309
seg_13e25f,6.625078
seg_5bc0b0,8.484287
seg_8c1cca,3.7000136
seg_e9a09f,3.4904072
seg_dcb51d,3.5466464
seg_c60f1d,2.6388764
seg_46b84d,6.612943
seg_016913,3.5115218
seg_ead30e,3.982211
seg_3878d0,2.9966433
seg_ebec3e,2.878532
seg_c5c6ea,6.519701
seg_ed7f69,3.9402144
seg_247262,5.149894
seg_a86231,4.052024
seg_5887a8,8.853416
seg_94a133,4.0842934
seg_be0cdc,2.3700662
seg_4e0c4a,9.213887
seg_eabb2c,9.580882
seg_e72f10,7.5606165
seg_7bf143,2.4452586
seg_76c2fa,3.9845567
seg_be0dfa,7.525895
seg_f931de,4.007086
seg_39ad50,2.2234464
seg_383b6b,4.079898
seg_6c909f,2.9311259
seg_8f3247,7.943318
seg_74ce61,8.591437
seg_4c18e2,2.878532
seg_91cff2,2.9311259
seg_4dbbd1,7.5606165
seg_166f70,9.472157
seg_741fc1,8.172434
seg_79dc90,8.145222
seg_ad3cf0,3.3152192
seg_24ba8d,4.033835
seg_ae9761,9.66969
seg_e40d64,7.792626
seg_8d3a9d,6.5709295
seg_5cde88,2.1925735
seg_552b8e,9.443483
seg_9d68cf,3.519456
seg_3aca44,2.9311259
seg_9dea8d,6.721219
seg_17e596,7.7694173
seg_92a5f1,6.579169
seg_3f5be6,4.013209
seg_92af10,7.520875
seg_35b009,3.2944725
seg_6a45a0,3.5878723
seg_7cbb45,4.092763
seg_d3992e,9.178533
seg_82c138,6.591737
seg_6c8a45,4.1010323
seg_8d135f,7.789823
seg_1f5240,3.253221
seg_b9361a,3.696223
seg_5b7325,4.017024
seg_eebbc2,5.138846
seg_c5dee4,2.2234464
seg_ecf81b,8.4400425
seg_9a43ef,8.184321
seg_c42952,6.509834
seg_2efd5c,8.172434
seg_91596c,7.581299
seg_9f6315,3.9988737
seg_00cc91,3.5224776
seg_c5256d,5.822831
seg_64be5d,9.121665
seg_0c9aa8,9.671857
seg_46012e,8.259714
seg_ebe36c,5.2040467
seg_89791c,3.6404648
seg_670bde,2.9311259
seg_907c52,4.3608603
seg_7480f4,8.172434
seg_e34052,3.617084
seg_71b4e0,3.9503968
seg_cb0e21,9.052558
seg_477c83,5.09391
seg_27b7c8,7.837532
seg_0cdcc8,2.741696
seg_d5df41,7.512096
seg_fdba93,3.9570272
seg_c472cf,8.125483
seg_d1a2b9,2.9311259
seg_b31961,3.6253266
seg_e92526,3.5806372
seg_75ffc9,6.519701
seg_c17817,2.3185935
seg_81bebd,8.773122
seg_95b321,2.5559192
seg_b08e9d,9.654539
seg_b8bb87,9.682751
seg_0488a1,7.595213
seg_d88da7,8.145222
seg_ff7478,6.5709295
seg_83cb2c,3.1998658
seg_ba3e74,3.1794515
seg_9bee43,2.9515405
seg_c27591,3.6093547
seg_56ebc7,3.5959218
seg_091c9d,9.029544
seg_33c30d,2.8812685
seg_3b95dc,3.5224776
seg_3c4106,3.870485
seg_6b4e04,9.099251
seg_1a8e06,2.5492685
seg_d31583,8.989375
seg_a2c108,9.580022
seg_be4612,8.738283
seg_1a671a,3.6250184
seg_e481c7,6.602053
seg_2d7cc4,3.6250184
seg_d0c280,2.1925735
seg_6fc3ef,8.699105
seg_a56c04,4.2340126
seg_19e1ff,6.519701
seg_89b090,2.1925735
seg_d42c77,6.7973576
seg_301c1e,6.633865
seg_324447,6.519701
seg_1e0523,3.2687707
seg_702e03,3.18891
seg_fedbd1,8.172434
seg_88a81d,4.033835
seg_a00985,5.8129644
seg_76f1af,2.8915777
seg_0d540e,2.5689652
seg_0125d9,5.138846
seg_705463,3.9960399
seg_e80726,4.09534
seg_75cd6a,3.6064348
seg_563059,7.002716
seg_8f5589,6.617982
seg_8ab3a7,2.1925735
seg_84a65d,9.39725
seg_4d18f4,2.9311259
seg_37669c,2.6795447
seg_95f45e,8.172434
seg_76b76f,9.682751
seg_c627fc,7.5606165
seg_b42170,2.922451
seg_6c292b,6.519701
seg_a9f80e,8.145222
seg_94aa0a,6.519701
seg_1f7cf8,3.8798652
seg_fb1f5c,9.163842
seg_0144cb,4.075071
seg_3631ec,3.6093547
seg_52636c,2.5559192
seg_bf2d1f,9.237775
seg_cd699e,2.9666007
seg_f59974,8.619648
seg_3f99c8,2.2234464
seg_37bf85,2.403327
seg_850d95,3.5625823
seg_62c582,3.1221871
seg_6de4fd,8.661354
seg_fea3e2,8.733646
seg_49b0cb,9.682751
seg_596ae3,7.5578833
seg_bce23c,6.5478115
seg_bd629b,4.276573
seg_dcf242,5.6187086
seg_fa0ac7,6.519701
seg_00030f,3.943829
seg_974049,4.023699
seg_e47d2b,3.0125062
seg_0b48c4,2.9524426
seg_63130f,9.670575
seg_d07ce8,9.633627
seg_420bcc,5.50692
seg_b6bdaa,6.7339187
seg_e90c0d,5.1856694
seg_655780,2.9311259
seg_e8a4f4,5.2452884
seg_d5dbc1,2.9311259
seg_c08d36,4.1270523
seg_f7050a,3.710651
seg_f865be,2.4401984
seg_fde86d,6.763347
seg_7ce9cb,4.278098
seg_0b76f5,9.6600485
seg_4f48b4,2.2234464
seg_2a0dc0,8.136262
seg_a50d28,9.2899685
seg_27de37,7.447862
seg_a5f4dd,5.104712
seg_740837,2.9191172
seg_eee89d,3.2030482
seg_a9089b,2.212988
seg_5c0929,3.562932
seg_3661de,9.682751
seg_da7c3b,7.9129605
seg_01c775,8.187819
seg_f639cd,9.670942
seg_81c1a6,9.582189
seg_337b8c,3.617084
seg_86cfe9,8.7072315
seg_2b6d52,8.152695
seg_616c8b,9.66094
seg_655ad6,6.9762697
seg_d962cc,9.66969
seg_74537f,6.519701
seg_c25855,9.682751
seg_0df75c,9.682751
seg_14d1d3,4.294265
seg_d63175,6.6690145
seg_a53e4c,5.3869443
seg_430e66,6.710329
seg_ba5e7e,3.617084
seg_9c6715,3.0781434
seg_35b753,5.215095
seg_d29a4b,4.220343
seg_d1cb37,9.226684
seg_c26fb4,3.3883376
seg_6b9511,7.5551567
seg_12ee6e,3.6758664
seg_bbb01e,6.885472
seg_77fe77,6.519701
seg_d44589,3.720787
seg_35a2d7,9.682751
seg_06bbc5,3.0877771
seg_e8a2c4,4.992423
seg_39a886,6.519701
seg_59cfdb,9.243763
seg_83bef8,4.375872
seg_32906d,2.2056193
seg_170a0c,9.028573
seg_64be91,9.203981
seg_bff05e,8.878649
seg_1827c5,9.485216
seg_71b975,3.146279
seg_f43ab6,2.1925735
seg_bd31bf,6.509834
seg_666056,3.5956016
seg_a8e71a,3.1480548
seg_ec973c,9.564871
seg_8ebdea,8.979793
seg_d07c62,3.089026
seg_137f8a,7.928519
seg_1eae76,4.089984
seg_814b1f,2.1925735
seg_e2b8b1,9.189212
seg_abb06a,7.1836867
seg_9fe8b9,5.3991084
seg_17d1ff,3.470822
seg_c747b4,2.982735
seg_696621,3.668821
seg_eba22d,8.183123
seg_76e914,3.942644
seg_90c258,9.682751
seg_122ba9,2.959729
seg_cec2f2,6.519701
seg_07f37c,3.2711935
seg_2465ce,6.495726
seg_da21ee,9.064359
seg_9626a4,2.2056193
seg_868c85,6.519701
seg_6ab188,6.519701
seg_845a2a,9.381715
seg_d356ab,3.617084
seg_7e9eb7,9.682751
seg_9df32d,3.617289
seg_05e0d7,4.8827724
seg_585872,8.152695
seg_f60872,6.5709295
seg_a0a423,2.291551
seg_cd352f,9.6600485
seg_68da94,4.0025854
seg_03d386,2.1925735
seg_a63573,4.0722923
seg_a96b47,3.2427957
seg_ce9f59,3.4904072
seg_cf0e43,5.271222
seg_6fc8b3,6.8291693
seg_659ff8,4.0236526
seg_98f624,8.701457
seg_4743ab,7.809058
seg_496dad,2.256907
seg_274a1a,5.147461
seg_e2209b,4.033835
seg_80fb86,4.330725
seg_e49750,5.3394356
seg_3065ba,4.2712183
seg_7f93b2,3.07798
seg_ce7537,2.4539447
seg_622e9d,2.9535546
seg_0aa0fb,6.96908
seg_04ee93,7.540273
seg_bf58ce,6.955436
seg_d0f803,3.592326
seg_3f3689,3.1122544
seg_746d1d,4.0830173
seg_06b8c9,5.1675863
seg_15bf25,7.5606165
seg_8f6284,3.5956016
seg_070bb0,2.4095016
seg_14c8ce,6.955436
seg_d3bb14,2.9311259
seg_634180,3.569103
seg_180481,6.519701
seg_0445d7,5.949401
seg_c3836b,3.9536507
seg_12ac20,9.658796
seg_f01368,6.519701
seg_5147e1,4.079898
seg_bb92b1,6.523832
seg_8c6e34,2.450357
seg_7cdfe5,2.9311259
seg_bb180c,4.0236526
seg_e8ce6a,2.878532
seg_5e1bba,5.1863546
seg_1b78af,3.671222
seg_d68930,9.366873
seg_de9e32,9.291865
seg_05b66a,9.227965
seg_2db7dc,5.149894
seg_bd4d30,4.9100904
seg_e1f081,8.237191
seg_30ad2a,2.212988
seg_32fc4e,9.682751
seg_428d66,2.940101
seg_61b50d,3.344379
seg_0a45a1,2.9311259
seg_864fcf,3.25267
seg_ddd206,6.635202
seg_d2ad9a,2.1925735
seg_c11a4f,2.9861848
seg_11860f,6.509834
seg_ac68bb,2.1925735
seg_43c6f4,7.571589
seg_92b095,2.9311259
seg_8a8220,6.591737
seg_cc4932,8.888722
seg_cc4199,9.052269
seg_67aa76,4.3997345
seg_651808,2.7992415
seg_581fac,2.2234464
seg_ce72e2,3.5937967
seg_1e61d6,2.2364926
seg_6f2222,3.592326
seg_b1fea8,3.2944725
seg_24f338,2.2364926
seg_4fa87d,8.814154
seg_4eeaef,3.2372258
seg_ea096b,9.369039
seg_c179f8,5.2040467
seg_750e7e,7.998272
seg_060ce4,3.277089
seg_b947ae,4.0062222
seg_d4c763,5.6285753
seg_218049,2.8946517
seg_2d427f,2.1925735
seg_f2f5a3,2.389338
seg_b25dde,2.1925735
seg_7862ed,3.9953232
seg_398a25,4.079898
seg_ae42b3,9.66969
seg_c5325c,9.682751
seg_4d0008,4.0382614
seg_29c772,5.6338477
seg_ceab44,6.532453
seg_633651,4.41187
seg_5ed47e,9.076159
seg_e14149,6.519701
seg_ba2c48,3.2153952
seg_fd374e,5.1675863
seg_813aab,2.4192185
seg_94d150,3.56438
seg_b9ec4b,2.9071274
seg_a6cd86,4.079898
seg_caa919,5.1675863
seg_c365de,2.1925735
seg_007a37,4.003639
seg_0e9987,3.783774
seg_7fd3a3,3.5858624
seg_29a073,4.3640428
seg_2f8e19,6.977883
seg_2dcd3a,3.6294913
seg_2f86cd,2.1925735
seg_4e9646,7.002716
seg_9d57a1,8.172434
seg_607559,6.6890817
seg_514b85,9.605902
seg_f9eea3,5.775801
seg_566efe,9.682751
seg_26edaa,9.332533
seg_902bc1,7.7799354
seg_2dc6ff,2.1925735
seg_2f5695,3.5557482
seg_12b9ba,6.6281385
seg_bbfd4e,9.408026
seg_7d2535,2.421754
seg_f6bae8,5.2703304
seg_6b0107,6.581246
seg_64daae,2.2056193
seg_e3005e,3.305567
seg_fa6383,6.657269
seg_5d94b2,3.351336
seg_27a282,5.376405
seg_e10d3b,8.701457
seg_fe86f5,5.176268
seg_9a7d1d,2.212988
seg_804fb5,6.519701
seg_aa78e0,6.519701
seg_04fd93,6.5709295
seg_a18246,8.145222
seg_aed434,6.5709295
seg_511d25,7.7694173
seg_6c309f,3.5784817
seg_79c47a,3.9851408
seg_a704ee,6.5709295
seg_660fef,5.4101653
seg_67330f,4.41187
seg_ada42c,3.5878723
seg_c550b1,9.40784
seg_9f12c6,4.016309
seg_44d3ca,3.3132932
seg_c5fc3b,8.672448
seg_ea098b,8.172434
seg_758374,2.2056193
seg_43383f,4.0622063
seg_e405fe,2.9515405
seg_9c090f,2.2364926
seg_4b4c91,7.531355
seg_d1a281,4.09534
seg_a1edc1,3.617084
seg_8d6a7d,3.6017394
seg_a11dd5,2.5052319
seg_8658b3,8.0205555
seg_70be4d,9.420781
seg_77e7bf,3.593855
seg_0536c9,3.480649
seg_0dcc40,5.473819
seg_7bb771,4.016309
seg_225320,9.682751
seg_10c09d,8.969219
seg_b0cf32,9.682751
seg_3a22ac,4.1056166
seg_065588,4.013015
seg_a99161,3.569047
seg_d85e2e,5.1099634
seg_790108,6.602627
seg_23fe27,8.04598
seg_dc6e94,3.6230195
seg_3d581c,2.307108
seg_376908,2.9311259
seg_a6959c,7.5606165
seg_6b3a9d,3.2119782
seg_3151ff,5.156538
seg_90b174,2.9311259
seg_51865e,3.5628152
seg_9d6ff0,3.1277578
seg_2be983,9.656103
seg_2a6343,7.5551567
seg_e24496,8.172434
seg_046c28,3.041632
seg_9ad261,4.378513
seg_8bde47,8.993005
seg_3ce740,8.713633
seg_136695,7.8276443
seg_b9de03,4.058949
seg_bf1a72,4.089984
seg_c5abaa,6.519701
seg_ab9654,9.682751
seg_8b39c4,8.029549
seg_759fb1,5.3590574
seg_f0d278,2.4088278
seg_2dcd84,8.172434
seg_161f5f,3.0526125
seg_287fef,2.4415722
seg_355d19,8.67223
seg_9dcae1,6.519701
seg_03d680,8.402716
seg_1562cb,9.485216
seg_004f1f,4.0697155
seg_e8385f,8.959582
seg_07c815,3.5090446
seg_c05a7d,9.424379
seg_75c34b,3.9953232
seg_e8d02f,3.6108654
seg_a6c5cc,2.7553222
seg_fb4c26,4.1029453
seg_967ae4,7.5606165
seg_b4c040,3.617084
seg_da8b88,5.1040254
seg_4d5a4a,2.9311259
seg_919c5c,3.6250184
seg_4ab7bf,9.2223
seg_df8385,2.594651
seg_ada81a,9.419834
seg_a68ffb,6.482958
seg_555f63,2.1925735
seg_b77bf5,9.634932
seg_5e668a,9.231818
seg_b54024,2.9515405
seg_7211f1,7.5261607
seg_6e7f73,9.024346
seg_b853c1,8.172434
seg_3c3ddf,3.4919686
seg_90ec68,9.670942
seg_e15cb9,6.5709295
seg_2ece02,3.4938748
seg_89885a,4.033835
seg_c22bd4,9.358645
seg_d740b2,9.063475
seg_d59e4e,3.9953232
seg_4d2671,6.519701
seg_e27c0a,3.5115218
seg_3b7724,9.682751
seg_80622d,7.5110116
seg_b735a5,7.6120696
seg_2eddf6,8.504801
seg_e256bd,2.878532
seg_d30a9d,2.5356002
seg_99f677,5.138846
seg_7df3dd,5.197403
seg_17adc0,5.3073463
seg_7cb417,3.9510164
seg_0a42ba,9.114663
seg_8e7194,4.06145
seg_d1abaa,9.682751
seg_98c44d,3.305567
seg_a3ab46,4.089984
seg_7ddc30,9.255605
seg_2c6011,4.0622063
seg_dceeca,3.617084
seg_266805,4.0236526
seg_117ff4,3.605209
seg_753190,8.125483
seg_73858d,9.278806
seg_004ee5,5.1390924
seg_87a67a,4.338194
seg_0dae4b,3.3177204
seg_cc2c46,5.1303706
seg_0f74a3,6.7010574
seg_a69246,9.670575
seg_fd8add,6.519701
seg_7c0376,2.1925735
seg_c509ff,3.9968777
seg_9c00d7,9.530568
seg_148698,7.9334664
seg_27db4d,7.5551567
seg_ca67ee,3.627425
seg_89d8a0,3.6258683
seg_23f823,3.6093547
seg_be30ce,4.1371384
seg_b8fd73,9.682751
seg_079e34,3.617084
seg_17799c,8.156001
seg_4d0c45,6.519701
seg_a9a820,2.878532
seg_b9619c,6.4982004
seg_2dfb91,2.9415166
seg_9aa6e2,2.3226213
seg_318135,2.2056193
seg_311b5e,2.7729695
seg_193404,9.354053
seg_7efdd5,6.8676724
seg_f7d792,2.1925735
seg_d7ab50,4.0825477
seg_476700,3.6944854
seg_2ba79a,2.1925735
seg_e64dfa,5.5918326
seg_9d79d4,3.6817937
seg_25b38a,7.0591702
seg_421da1,8.016597
seg_1a791c,4.1372724
seg_cc096e,9.053441
seg_d86eb6,2.5689652
seg_b7a8a1,5.3285975
seg_e9aa44,9.128648
seg_49336f,2.9311259
seg_0b9ba3,9.243763
seg_9ddc99,6.519701
seg_65ef95,4.026868
seg_774ad2,4.0126247
seg_b8725b,2.2774215
seg_25ab3f,4.0393553
seg_591954,9.098479
seg_ba4ea3,9.274146
seg_00c35b,8.172434
seg_30da11,2.9515405
seg_f2cb5e,3.2832937
seg_78addc,7.853964
seg_de3237,8.152939
seg_86d847,9.1629505
seg_4adeda,9.024346
seg_f3063a,6.509834
seg_7aeca4,7.540273
seg_a82229,8.141914
seg_288001,3.6374807
seg_e52f8c,5.138846
seg_e59dca,7.9086614
seg_b853f8,5.156538
seg_c901c0,3.470822
seg_38ee24,6.4821334
seg_b91011,5.509408
seg_a4208a,3.9960399
seg_419b2a,9.076446
seg_15adff,3.1294343
seg_aee7c0,8.141914
seg_170684,8.172434
seg_8773cf,2.2260337
seg_8bc20c,2.9180799
seg_f639ec,5.8626566
seg_e96140,4.023699
seg_6dd0fc,3.6564171
seg_78852d,5.20727
seg_f4d644,2.5795193
seg_5ef47e,6.5709295
seg_53a5fd,5.255155
seg_d3f967,3.992347
seg_3cfb73,8.981048
seg_0e1370,2.2029638
seg_0b082e,9.221923
seg_63c9a3,5.0262766
seg_b69455,9.206124
seg_aeeb31,2.1925735
seg_19ec5c,9.670575
seg_2018c8,9.682751
seg_530a02,9.671857
seg_f6828d,2.2740734
seg_20a990,3.617289
seg_a975df,3.232772
seg_0012b5,5.1863546
seg_ef779d,5.149894
seg_f67ce2,2.907847
seg_739856,9.682751
seg_324537,4.3482366
seg_ced992,2.2364926
seg_3e00cd,9.325121
seg_8b798b,9.658001
seg_3db0a8,3.0762305
seg_84fc12,9.345009
seg_0eb333,2.2234464
seg_6e1ee7,7.5606165
seg_cff594,2.2364926
seg_aa9b8e,6.5530434
seg_725772,7.5551567
seg_e1daa0,6.519701
seg_500108,4.3760056
seg_68102c,9.3035555
seg_dff078,5.520274
seg_1db443,6.519701
seg_8be76c,2.1925735
seg_24e071,3.586211
seg_266c6e,5.197403
seg_c47bdc,6.519701
seg_961ddf,3.419294
seg_f99b64,6.568619
seg_77ea14,4.023699
seg_9ee0aa,8.591041
seg_01ecb0,3.1898422
seg_db3fbe,9.6414795
seg_c5fc87,4.3519073
seg_0a97c4,4.2973714
seg_c0d7da,3.2832937
seg_c714d0,9.395083
seg_c70fde,6.568619
seg_cc667b,3.9953232
seg_70b375,7.4833813
seg_b8b72f,3.9909601
seg_2e917f,4.1504536
seg_2fe382,4.033835
seg_3bb90a,3.2844489
seg_902074,8.125483
seg_7c88d1,3.134758
seg_3340b9,5.2040467
seg_2c3203,2.88745
seg_a4e745,8.141914
seg_c666dd,5.571996
seg_08fd5b,5.281715
seg_ba0485,9.00548
seg_f24292,5.0398474
seg_bcf6af,6.589825
seg_6ac67a,3.592326
seg_c607eb,2.2597713
seg_4ad5a2,6.591737
seg_d5d3a1,5.149894
seg_59e1db,6.8794627
seg_3d1f2e,5.3115487
seg_3ec967,3.7372518
seg_343571,8.619648
seg_7d88e3,8.978458
seg_abda04,8.029549
seg_b03de5,9.504514
seg_9a1c76,4.033835
seg_509d55,4.023699
seg_31a51f,2.9311259
seg_63d651,3.6095245
seg_cacd58,5.0248685
seg_2cdbe3,2.9801433
seg_ba941e,7.8276443
seg_b3883e,5.8329563
seg_d9d0e4,4.050413
seg_e50f16,9.66969
seg_a1d8da,6.5709295
seg_8f4781,2.932587
seg_aa1adf,4.0494604
seg_593c34,3.6250184
seg_00648a,2.7839253
seg_b57e76,5.551211
seg_327ed4,2.9515405
seg_e6307f,8.1616535
seg_eca2eb,4.089984
seg_90a0be,2.1925735
seg_d9ce67,2.4731612
seg_50b048,5.293857
seg_c5dada,4.074196
seg_4c067a,4.0697155
seg_bdf84b,4.3310437
seg_3b95d2,9.657515
seg_27ff17,4.1130314
seg_e0f296,8.125483
seg_6dfab7,3.956466
seg_9c2843,2.2364926
seg_5c8ae5,4.265525
seg_d56ae2,8.156001
seg_bb6fcb,6.519701
seg_0ebfd9,6.519701
seg_72f40a,6.977883
seg_1cd352,5.156538
seg_b86ce1,4.079898
seg_a1acb2,4.289632
seg_2b2cb3,6.5300174
seg_946d9a,4.059272
seg_304b87,4.290367
seg_31631c,6.519701
seg_5a242e,7.4835453
seg_2f60db,8.41809
seg_4d53c2,9.682751
seg_cdadb5,8.941919
seg_c522f8,7.488565
seg_006e4a,3.0491788
seg_a31fe3,8.172434
seg_e3d751,2.2234464
seg_b782c7,7.571411
seg_e8b2b3,6.896957
seg_c7a401,4.0485053
seg_263deb,3.18891
seg_586726,3.2035189
seg_3761d0,2.8973885
seg_f80e44,5.351858
seg_4a9e6b,7.3257375
seg_42ff14,7.5551567
seg_29c906,4.023699
seg_5d92af,6.7973576
seg_2c5e9f,6.519701
seg_093a0a,7.002716
seg_3a8a76,2.4614515
seg_f83d28,3.513961
seg_d36055,8.938359
seg_1a8f2c,8.456079
seg_f8dd7e,4.0724926
seg_37f3fb,3.202003
seg_b5aee9,4.1605396
seg_fb76ca,6.5709295
seg_075340,3.9653757
seg_b72413,7.5551567
seg_8aeb99,9.1521225
seg_cc7e39,8.125483
seg_7d994f,3.4991987
seg_fb9b2e,8.145222
seg_00e5f7,5.618605
seg_6f650f,9.4570055
seg_c73df6,4.0068417
seg_e3cf1a,5.1522207
seg_b78883,9.670575
seg_c09a41,4.2456236
seg_2aa101,2.878532
seg_6f9a98,6.5709295
seg_226e60,8.172434
seg_5a67b5,8.172434
seg_6167f0,5.202959
seg_ce5832,3.5115218
seg_673c60,2.7761889
seg_514543,3.7214324
seg_8f25b0,9.443483
seg_643d1f,6.519701
seg_de3d5e,3.5224776
seg_ac5c61,9.024278
seg_60ab20,9.669164
seg_f21a22,3.8498492
seg_8dd2ab,2.878532
seg_b2e045,4.0939264
seg_5bd9ae,5.0579123
seg_d508db,5.156538
seg_5a1adb,4.1233177
seg_fc57d4,2.1925735
seg_b80358,8.724549
seg_cb806c,5.1029816
seg_fe73b1,8.953742
seg_31a6cd,3.518411
seg_bb171f,7.540273
seg_e40348,6.5478115
seg_e6e24e,6.519701
seg_49d84b,6.519701
seg_dcbe02,3.1508486
seg_2abd33,4.016309
seg_e81b50,4.0178995
seg_cecd29,6.519701
seg_48a4b3,7.545733
seg_a5271e,2.9089816
seg_857304,3.581387
seg_82456a,2.212988
seg_cf5764,6.935755
seg_f2ae5e,5.215095
seg_a12acb,3.6078026
seg_0bc877,3.0048177
seg_423ebe,4.0448833
seg_8fb0d0,6.509834
seg_77f9e3,2.1925735
seg_2cadc0,6.519701
seg_a47cce,8.172434
seg_b568c6,7.5606165
seg_826208,5.1377587
seg_6dac5d,9.289774
seg_3452b2,3.5808873
seg_35ee83,3.6250184
seg_ca9e39,4.052024
seg_8324a4,7.540273
seg_cd9f9b,6.955436
seg_876904,7.5178266
seg_ad949a,3.732695
seg_812a50,5.801331
seg_2f8f6d,8.656952
seg_35c587,3.274058
seg_46a42b,3.562932
seg_e09301,2.4292421
seg_47a48f,9.333494
seg_580b65,6.7973576
seg_a8685e,8.116489
seg_41be18,7.792626
seg_25aa9f,9.66969
seg_2ea616,4.050189
seg_5765b6,6.5409074
seg_a84c13,3.2825072
seg_7a5243,4.154727
seg_2396a2,2.5559192
seg_eb1d6e,3.251942
seg_ef74dc,6.509834
seg_a802fa,8.172434
seg_afca81,2.9089816
seg_dc73b8,2.9311259
seg_45e7ad,3.236362
seg_5ec0e3,8.41809
seg_490d6e,6.352218
seg_d14524,4.2424374
seg_734a88,8.915188
seg_588f61,2.7729695
seg_66e45a,6.509834
seg_b0d251,6.519701
seg_727fc7,4.0722923
seg_055127,5.8230896
seg_72859b,4.0236526
seg_abeca6,9.669164
seg_0fd3ff,2.7969713
seg_e7ced6,7.547787
seg_38ad16,9.633937
seg_59818b,6.519701
seg_a674d2,7.837532
seg_217eed,3.5040421
seg_0d434c,9.395083
seg_60277f,4.0722923
seg_36e32d,9.203915
seg_dad4f2,6.7505927
seg_f5406b,4.114661
seg_d35274,3.2632508
seg_31d7bf,2.212988
seg_3b4414,3.6040082
seg_592807,8.024453
seg_911066,3.5878723
seg_78db0a,8.686436
seg_b66b87,2.5042427
seg_c65135,3.18891
seg_e41fc9,4.1002707
seg_75211e,5.628834
seg_561cf4,2.3055472
seg_c23429,3.6404648
seg_69787a,6.8255672
seg_9ab405,2.1925735
seg_063865,6.5709295
seg_86892f,3.166902
seg_fdd50e,2.9311259
seg_ce46ba,2.9513025
seg_1d11e5,3.5224776
seg_32f6df,4.3112965
seg_572172,6.519701
seg_718b53,3.017058
seg_397983,6.591737
seg_441c6d,8.4400425
seg_629822,4.016143
seg_57908c,3.6151905
seg_529c99,3.9821646
seg_8f4654,5.206964
seg_d11ca8,8.172434
seg_74f330,3.0177581
seg_abc5fd,7.494637
seg_117278,4.2832165
seg_715ff6,8.125483
seg_38001b,2.212988
seg_f6cfd4,6.966693
seg_743775,6.5300174
seg_4c8db6,8.172434
seg_4ae37c,7.5606165
seg_f96d0e,3.8276074
seg_53e645,6.509834
seg_6e572a,3.1122544
seg_0d04b9,4.069454
seg_65b962,3.6775434
seg_d9bb68,6.5847406
seg_9c8bc8,3.783774
seg_4acc4b,3.5450292
seg_f61b0e,5.9663067
seg_eefd4a,2.994419
seg_d1b91e,6.579169
seg_c52ae6,2.2056193
seg_45e062,9.485216
seg_a5dea6,9.682751
seg_071067,2.2364926
seg_204dc6,3.07798
seg_53d818,3.1998658
seg_1dec9c,9.377703
seg_db4185,3.859873
seg_cd43b4,8.646954
seg_620ee4,4.089984
seg_cbfb19,6.602627
seg_32e763,3.5115218
seg_268625,3.1998658
seg_72ebda,6.519701
seg_b5a447,6.7863727
seg_45838b,5.655669
seg_61219c,3.747893
seg_75eb90,7.5551567
seg_42c4c9,3.3174157
seg_bce305,4.089984
seg_9e962b,6.5300174
seg_db90c0,4.0236526
seg_929ded,5.632657
seg_2005a7,5.1675863
seg_5975f4,3.3901615
seg_4eb127,2.9311259
seg_e8ac98,2.9311259
seg_970b35,4.0131435
seg_7cd6b1,3.6756036
seg_c10a58,8.172434
seg_25e76d,2.878532
seg_8f1127,2.1925735
seg_2c69e4,8.172434
seg_1a8f0d,3.3029656
seg_e197b8,4.331565
seg_b6c10d,6.5478115
seg_739679,2.450357
seg_54d0f3,2.474359
seg_c0c0ed,5.215095
seg_ae9626,2.1925735
seg_d4ea17,7.030365
seg_14c371,7.5551567
seg_e37b8e,5.2662034
seg_61f504,2.6407676
seg_c46ce6,2.7574124
seg_f21bf4,5.2563367
seg_0b32f7,4.016309
seg_3a1600,3.6583889
seg_e266f4,6.509834
seg_7ebdc3,3.5956016
seg_bff392,3.3363526
seg_9122aa,3.166902
seg_d0f262,5.215095
seg_cacd0a,5.156538
seg_6be48e,2.9515405
seg_289d99,2.212988
seg_ef24bd,4.358323
seg_f3c578,3.6250184
seg_20cbac,3.2632508
seg_c243a6,2.1925735
seg_cd0691,2.9280667
seg_c21723,3.5928557
seg_c2a0c8,5.0216694
seg_84b9d9,4.058949
seg_c747ad,9.66969
seg_70e891,4.0622063
seg_b402ac,6.519701
seg_8866f0,2.1925735
seg_4d7c56,3.9988737
seg_2e64af,3.6094854
seg_fb00b3,9.61697
seg_1cb942,9.682751
seg_d2f588,9.682751
seg_86e874,2.1925735
seg_18d307,2.1925735
seg_457234,9.6039095
seg_e24f69,4.294265
seg_a6bf91,5.20727
seg_017314,6.562475
seg_6696d0,3.617084
seg_8f592b,9.630651
seg_330579,3.9909601
seg_20b8d0,6.4957213
seg_7ef97b,3.228881
seg_66ed4d,2.256907
seg_8dd3ba,4.0230684
seg_957ece,2.246725
seg_306756,8.125483
seg_943de0,9.443483
seg_229eda,6.607092
seg_7f9b3a,5.2763286
seg_b0a794,3.0694675
seg_c15d21,7.540273
seg_138807,4.294265
seg_2a2f1e,5.567783
seg_4c65e6,9.218968
seg_7d2e57,7.540273
seg_2bcbde,9.654539
seg_3a80c5,5.9663067
seg_ddbadc,9.0606575
seg_d1eee8,9.265024
seg_1db8e8,9.66969
seg_016cdb,3.7510817
seg_518b1e,2.2364926
seg_75dc3e,4.052024
seg_0e3ed2,2.2364926
seg_77df38,7.5551567
seg_947700,4.1029453
seg_83f476,4.089984
seg_4db997,2.8468802
seg_d247da,6.519701
seg_fa34c7,7.587843
seg_9a8a1f,2.1925735
seg_263fb3,2.2364926
seg_f95fd3,7.529083
seg_60df2a,6.519701
seg_a9b957,4.0722923
seg_fbddb9,9.320523
seg_f0181d,4.023699
seg_c9f80a,3.9503968
seg_74d58a,9.017656
seg_9e7dff,2.579101
seg_d668c0,6.926038
seg_5e7abf,3.5878723
seg_f6abc5,9.029544
seg_9cb464,4.026868
seg_b8141c,3.1596491
seg_a7561c,2.9311259
seg_f69c38,4.0722923
seg_a436bc,8.977854
seg_75438e,6.4821334
seg_a87e79,2.4006395
seg_96642e,3.7241101
seg_266d4e,5.138846
seg_c81fec,4.033835
seg_3fb24b,4.108755
seg_a05c22,2.870585
seg_d702b2,6.8889728
seg_854d91,9.1038685
seg_521a88,7.5551567
seg_d3f6b0,4.0273542
seg_983778,9.099251
seg_24157a,6.519701
seg_2f9581,3.2832937
seg_996c37,9.66969
seg_04cceb,6.600375
seg_848695,3.617084
seg_208ba5,2.5998383
seg_692e7a,8.152695
seg_3fc7ca,8.913565
seg_6d6fad,3.7004685
seg_81a8ea,9.327952
seg_f6c928,7.5606165
seg_4743fa,9.682751
seg_bd40f2,9.029465
seg_105cd9,2.9311259
seg_7428e7,6.519701
seg_36b77f,9.268966
seg_a14212,3.783774
seg_b1a35c,8.152695
seg_c0ea9f,5.8061843
seg_ef27c8,2.2260337
seg_86720f,6.977883
seg_5abfdd,3.6898313
seg_cf74e8,2.1925735
seg_fd9ac1,4.033835
seg_6a26de,2.2232695
seg_77dbe7,3.7269442
seg_efc5fb,9.029465
seg_a35e7c,9.278806
seg_961d02,3.344379
seg_e76e6e,3.9951587
seg_7ed2dd,3.4134405
seg_e9e65b,6.589825
seg_d35e50,5.8626566
seg_eb7595,4.3552847
seg_00be11,2.2364926
seg_e0cfd4,5.6086874
seg_b1b95e,3.9402144
seg_ecaef0,6.6130576
seg_8328f5,4.147559
seg_bc1d67,6.977883
seg_0fc67a,9.6047945
seg_b686e5,2.212988
seg_c62a06,3.8595355
seg_b13fb9,6.519701
seg_db3446,8.172434
seg_ef47c4,8.993005
seg_84c7fb,5.318731
seg_f618a8,8.172434
seg_3bc9ed,6.5610623
seg_ffe7cc,9.040382
seg_310230,2.9922864
seg_63c13d,4.1142254
seg_1f3d44,6.519701
seg_af959f,8.1616535
seg_9d2528,5.197403
seg_c8459f,8.619648
seg_c183e4,4.0635967
seg_a35c82,7.9696374
seg_bd6f5f,8.2797575
seg_c671f7,6.5709295
seg_74ffde,5.7889895
seg_1eeb8f,4.0062222
seg_3d1cb3,5.811456
seg_b108c9,3.9861026
seg_5639b3,5.2040467
seg_9802c3,5.1068206
seg_31b808,6.579169
seg_f056d8,4.0126247
seg_0d13a7,4.079898
seg_ecf28d,6.5709295
seg_635770,8.267565
seg_9ad925,8.185493
seg_00a37e,2.9311259
seg_8cf573,5.8972216
seg_570a20,4.0622063
seg_51f6fd,7.338437
seg_d26f7d,9.682751
seg_414d0f,6.3374004
seg_1c401b,8.484287
seg_ca88e3,9.051299
seg_53498a,3.8759375
seg_8bf229,6.635968
seg_8c6d4e,3.103712
seg_8dcf3c,9.016893
seg_9825e0,6.519701
seg_4ea3fa,5.9761734
seg_922914,5.2098765
seg_f6e1ca,3.3046083
seg_523945,2.5147371
seg_8e6a3f,7.5551567
seg_fe5945,3.1438186
seg_48b545,7.5551567
seg_7120ac,5.2003527
seg_2cac57,9.682751
seg_0870ab,4.013209
seg_d7f015,5.628834
seg_4401d8,6.5709295
seg_529be4,4.2944446
seg_a7e49b,5.8329563
seg_2f9336,7.1754475
seg_d21066,4.0622063
seg_ad759c,2.9515405
seg_979a8f,2.900253
seg_2d402d,2.1925735
seg_304581,4.079898
seg_62a403,9.24054
seg_e71dda,5.2040467
seg_2f1664,6.977883
seg_26a2a0,2.246725
seg_36147d,2.9311259
seg_460436,8.417811
seg_5a0479,5.20727
seg_6a116b,5.1135178
seg_578e84,9.461263
seg_0b4b24,2.9311259
seg_4b4ffb,3.200278
seg_69a230,3.973316
seg_80211c,8.630338
seg_151368,8.156001
seg_da80c4,9.087442
seg_01a8dc,4.0478935
seg_9b44d2,9.485216
seg_ccdc28,2.9311259
seg_447972,3.808385
seg_23b123,9.682751
seg_ff1a62,8.152695
seg_5c9077,7.401876
seg_55239a,3.219906
seg_d2a533,6.352218
seg_331f2b,9.355305
seg_6b536d,4.0994296
seg_d693b0,9.139062
seg_d56d32,7.9498982
seg_fb8af5,3.305567
seg_7a521c,3.6076202
seg_10f3a6,3.5224776
seg_34abd2,2.307108
seg_50a667,2.9311259
seg_369570,5.2822795
seg_c106ca,3.7459087
seg_f96d5a,7.9334664
seg_0d0250,3.2602239
seg_78fc4b,7.506636
seg_3f80ef,4.089984
seg_8cdf83,3.7074282
seg_09dd59,6.878863
seg_f77ee5,9.654539
seg_dd4594,3.5599232
seg_77bf79,3.18891
seg_f5a6ab,6.902118
seg_8da61a,6.7362785
seg_a16a1b,3.07798
seg_cf3825,2.9311259
seg_5f24d3,8.591437
seg_2c762c,6.519701
seg_7a09ec,6.519701
seg_a1e5b0,7.531355
seg_3319b5,8.141914
seg_5165a4,6.7334075
seg_304df5,8.607472
seg_a61e1c,4.037023
seg_7c2beb,7.9696374
seg_0c8502,9.177896
seg_23bdf9,6.519701
seg_272a47,2.1925735
seg_6c34c2,2.7453156
seg_739fb0,3.5452821
seg_9e61da,2.4613128
seg_ed7dee,4.412243
seg_184222,4.023699
seg_ef660a,7.9400105
seg_3f3983,6.579169
seg_c3507f,5.8111978
seg_b80b89,5.1444025
seg_c6f0a2,3.0935297
seg_c654e7,5.8329563
seg_0d6d68,4.3538227
seg_cee7d0,9.215243
seg_3d9aa0,5.09391
seg_461b63,3.627425
seg_f0ce4a,3.5224776
seg_c1fe9a,2.9311259
seg_80b9b4,6.519701
seg_919a6a,2.2597713
seg_a86a05,6.5922294
seg_91607c,3.6040082
seg_59cd7d,2.922451
seg_4f76a2,3.62722
seg_f322b1,6.519701
seg_950048,5.141419
seg_ce00bb,5.1919107
seg_db3a95,4.061781
seg_74fcfc,9.114347
seg_ab001b,3.9129295
seg_fbe3c2,5.400299
seg_bdae02,9.262532
seg_0e4833,9.66969
seg_f679c6,8.172434
seg_b695b3,3.2759738
seg_0b54ac,3.5559244
seg_517425,2.2436838
seg_52c139,9.682751
seg_420d4e,6.8608575
seg_c60dca,4.2767525
seg_de98fa,3.5224776
seg_32ad0f,9.174759
seg_91f664,3.5526438
seg_8dfc7e,3.1603072
seg_f9e4f2,9.682751
seg_d32f71,3.6983914
seg_67599b,6.5709295
seg_8e5704,8.036987
seg_47fed6,7.401876
seg_bd00c4,6.54695
seg_500c80,6.519701
seg_f52cdc,9.682751
seg_23efb0,5.1675863
seg_280863,2.9311259
seg_07fc6d,7.5606165
seg_f1b916,2.291551
seg_f6a217,2.9666007
seg_66b7c3,6.900763
seg_afa4a1,7.8190093
seg_264c7d,7.531355
seg_d4dec8,7.401876
seg_0fca83,2.9311259
seg_a58a6e,2.5559192
seg_9a92db,4.057911
seg_09f0ff,3.595755
seg_8ae847,5.1675863
seg_89eed6,3.4134405
seg_58d52d,9.2561035
seg_59eb97,5.5126987
seg_1d044c,4.2102566
seg_e00465,8.110533
seg_fa796b,3.7176976
seg_738be6,2.878532
seg_1ebe6b,3.5517533
seg_6262c4,7.908695
seg_92bd37,5.138846
seg_c80857,2.1925735
seg_e742dc,9.016893
seg_392019,5.232323
seg_bfe0b6,8.914195
seg_3234ca,3.2944725
seg_aba501,3.1473808
seg_c11828,2.2056193
seg_34a2b8,5.1157584
seg_bee792,6.509834
seg_b52710,4.186494
seg_16c3a7,3.4938748
seg_a7d0eb,4.3110256
seg_597bd6,6.7442446
seg_e0ce38,7.7799354
seg_d0598e,2.8886676
seg_41ab7e,7.571411
seg_c18d5a,5.12779
seg_16566c,4.31479
seg_dc7e0d,2.4006395
seg_5a947e,3.601545
seg_afd665,4.358458
seg_986b6e,9.267912
seg_feb312,6.519701
seg_87a616,2.4313354
seg_60b696,4.1130314
seg_eb47a9,2.887207
seg_a437cb,2.465673
seg_0e3739,3.621212
seg_eea20e,8.29306
seg_4e627b,4.026868
seg_f6d51b,2.212988
seg_e3e762,7.5606165
seg_ec73d5,3.9423125
seg_bb6904,2.1925735
seg_bd2b0c,4.1093607
seg_687a5c,2.212988
seg_d9750c,4.079898
seg_18d1d0,3.5115218
seg_35ba8f,8.85285
seg_bc437b,9.20799
seg_8515fd,4.0697155
seg_5cd98b,3.5224776
seg_ab70bd,6.9250984
seg_bbf805,4.079898
seg_7b0936,9.267912
seg_31064b,2.450357
seg_655cae,2.9385133
seg_efb639,7.943318
seg_58ea74,9.053432
seg_d6b198,4.142848
seg_1da819,3.1369224
seg_0968f1,6.591737
seg_63c518,2.8973885
seg_5495ca,2.727482
seg_c4af54,3.2944725
seg_8fb29e,8.993005
seg_aabc52,9.223993
seg_87232d,5.3076825
seg_58e74b,2.8423336
seg_55b566,2.1925735
seg_24c078,7.470537
seg_486973,4.033835
seg_85762d,6.5709295
seg_c186dc,3.9796612
seg_c588c1,9.395083
seg_004cd2,7.472191
seg_786ff6,6.519701
seg_ddc800,9.144797
seg_d19980,8.156001
seg_1ef708,3.0935297
seg_5eb380,3.3241673
seg_151d92,3.2092314
seg_1afa29,3.1122544
seg_4ba3d1,8.141914
seg_9a74d8,5.500337
seg_ebb79f,5.1675863
seg_60dacd,9.408144
seg_03f380,2.9311259
seg_d40bb2,9.682751
seg_2e9a47,6.721219
seg_e6c973,6.5478115
seg_8777bd,9.338902
seg_c3f672,8.172434
seg_69a53e,6.519701
seg_f0cedb,7.7799354
seg_326eb7,3.6977715
seg_130e17,3.1166546
seg_4cb9c6,3.5956016
seg_211486,9.029465
seg_a49ccc,4.089984
seg_d2551a,9.2899685
seg_9940e8,9.657515
seg_185ad6,8.04598
seg_5f355e,7.762199
seg_39300d,2.9248593
seg_72b68c,9.408144
seg_cc2e9b,3.6354122
seg_de225c,9.64494
seg_377134,4.079898
seg_9e3837,2.9515405
seg_3c64fb,6.5478115
seg_507065,4.0280704
seg_257b8a,7.5178266
seg_ec0e7b,6.621675
seg_e60719,8.194931
seg_146926,9.159608
seg_5090fa,6.5709295
seg_14ad27,2.212988
seg_6f3d90,6.519701
seg_ebd77b,9.682751
seg_b80366,7.5551567
seg_373ba6,3.9876046
seg_b5804a,3.2136142
seg_a06228,6.519701
seg_e877a5,5.1919107
seg_abaad2,8.811236
seg_30661b,4.033835
seg_210388,4.41187
seg_ad3a44,2.9515405
seg_6edcb8,6.519701
seg_b9365c,2.9311259
seg_df99d4,3.5636885
seg_cbcce9,6.509834
seg_5407b0,3.1187782
seg_dd699c,2.9311259
seg_71936f,3.0881624
seg_9d1dbe,8.873274
seg_8200d2,3.647003
seg_750c93,2.7982745
seg_8db6f0,6.683258
seg_20cc25,2.1925735
seg_fde767,5.822831
seg_a2986f,7.540273
seg_bb2d77,3.1691694
seg_65f01e,9.408144
seg_b50239,2.2029638
seg_dc188b,5.1675863
seg_e3b1f1,6.519701
seg_e6b236,6.556051
seg_3ae4d9,3.091026
seg_1815fe,8.8650255
seg_e5b510,3.6093547
seg_93211c,7.5551567
seg_4a719c,5.082862
seg_0c89ce,6.519701
seg_e29670,3.6250184
seg_c146a8,5.215095
seg_502fab,8.187819
seg_b4cb44,9.243042
seg_83dc2e,9.66969
seg_c01a57,2.1925735
seg_1a0e94,9.266931
seg_a489e1,6.5709295
seg_be19e2,7.5178266
seg_d7f53a,3.3980575
seg_8472f3,9.658001
seg_55a9a4,7.7375655
seg_a1b3cc,4.127186
seg_b41d3c,3.617084
seg_3b30fd,9.622238
seg_e7d1f8,3.1480548
seg_5924f5,4.0068417
seg_725e84,2.7443664
seg_05a4ad,7.726647
seg_90bf60,8.989296
seg_762be4,4.026595
seg_af1650,2.2978358
seg_d27193,3.6177416
seg_c7a3bc,2.6141634
seg_a420d4,3.750365
seg_e8ad6b,4.3387146
seg_70fb30,9.472157
seg_be811d,2.9311259
seg_885f53,7.8276443
seg_e5deec,3.617084
seg_ca2d1b,3.531215
seg_85fb0a,2.2740734
seg_0e7cc5,6.6550713
seg_df0df7,8.619648
seg_6eb146,9.174759
seg_98c0b6,3.5009952
seg_7f5b6f,9.151373
seg_709b6a,9.117556
seg_4a6096,2.4526272
seg_14c435,2.9311259
seg_bfdd14,2.2234464
seg_915b3e,3.6274714
seg_447b8b,9.063378
seg_7d65c7,9.041257
seg_e65e69,4.0622063
seg_342ce6,8.879863
seg_f342a3,4.027357
seg_b6cb2b,2.922451
seg_9a6025,5.617781
seg_96dab2,9.177986
seg_836ef0,2.4292421
seg_f5a4ee,9.682751
seg_1d596d,3.6250184
seg_dd8805,6.612943
seg_7b3017,9.350637
seg_a3d4d6,2.8673532
seg_3bfcf6,4.2896385
seg_d41daa,7.5606165
seg_73ab4a,2.9515405
seg_939f5c,6.579169
seg_7949da,2.2774215
seg_50e270,7.4337497
seg_05f126,8.66833
seg_82316b,3.697818
seg_bd5022,2.1925735
seg_76d16c,6.558128
seg_43597f,3.7377107
seg_b253ee,3.617084
seg_6ac82a,3.567739
seg_e85f55,2.1925735
seg_4eef28,8.965808
seg_d7a805,6.820383
seg_123dd4,8.4778595
seg_6951e0,3.6617665
seg_78d817,5.1388364
seg_e051bc,4.044795
seg_48feba,3.296805
seg_79e301,3.2224174
seg_cfed24,3.017058
seg_d83890,3.625373
seg_7540f3,6.519701
seg_c9201c,2.9311259
seg_d9352b,6.1702847
seg_f741af,3.9570272
seg_42648c,3.0310516
seg_7b5f90,6.5709295
seg_545fda,7.787166
seg_19b9dd,6.8445544
seg_edda79,6.934634
seg_96fa35,4.1243477
seg_35269b,9.657515
seg_d2db6b,5.161405
seg_5254ce,9.234894
seg_eb0b19,9.020319
seg_49322d,6.589825
seg_aa7a4b,6.623374
seg_3e87b4,2.246725
seg_0b9ad8,8.926982
seg_ee8f87,4.2845416
seg_b2b29d,7.531355
seg_d91492,7.540273
seg_76f3f2,8.684405
seg_5467c8,9.041544
seg_ba98dc,2.9311259
seg_04b87a,7.9334664
seg_ce5520,2.878532
seg_4e3bd7,2.9152155
seg_2774c4,9.682751
seg_f88d4a,3.1851997
seg_d6ea73,3.6064916
seg_730ebe,3.5956016
seg_7630c5,9.682751
seg_931244,9.278806
seg_9b0439,5.6387005
seg_0c12cc,8.145222
seg_ab15ad,6.8676724
seg_a5d37f,2.878532
seg_d753f8,2.4422884
seg_bcf2d9,4.079898
seg_6ae32d,3.592326
seg_ea78c0,6.519701
seg_87f6c8,7.5551567
seg_cd2b34,5.318731
seg_30b043,3.1176217
seg_a543e5,7.844076
seg_952faa,3.072361
seg_f02d32,6.5478115
seg_e6e1df,2.5898144
seg_3706be,7.5551567
seg_766e42,3.0381727
seg_1e677e,4.079898
seg_fe70c0,6.5709295
seg_168d1c,6.966693
seg_8a41bf,3.1047256
seg_af703b,9.472157
seg_9e8323,2.9515405
seg_df8e0a,6.977883
seg_b23489,3.940261
seg_eb32bc,2.7839253
seg_c20a27,5.138846
seg_aa0180,2.9071274
seg_21eebb,3.617084
seg_10a595,5.237856
seg_6cfb76,4.012886
seg_99ccbd,2.9311259
seg_5965d8,3.5625358
seg_750d20,5.2072396
seg_bc2186,7.7558684
seg_461ab5,3.5224776
seg_cf1371,2.9515405
seg_dcfb4b,9.200711
seg_361f5a,9.529525
seg_f19f8e,8.141914
seg_6df48e,8.737799
seg_b00f05,7.525895
seg_1e617a,2.9515405
seg_284223,6.5709295
seg_ea05c1,8.937875
seg_f383fb,3.793276
seg_31d763,5.290336
seg_5bdb47,3.07798
seg_9f7542,8.653198
seg_5e70a7,7.9235787
seg_1b2298,7.571411
seg_6a4ad1,9.029544
seg_9a9041,6.519701
seg_eccb17,2.212988
seg_3865bc,3.5514705
seg_91fc29,3.9966538
seg_6fd5bb,8.172434
seg_5c530f,3.5723226
seg_74b264,3.2944725
seg_8a7201,3.2628794
seg_92be9f,6.509834
seg_29475f,3.8911345
seg_e5fbc1,2.1925735
seg_397dc9,8.172434
seg_c5f986,3.3246875
seg_d062a6,9.303001
seg_f1f5b9,2.579101
seg_8a8375,6.820383
seg_b0bf65,2.9311259
seg_161aeb,7.792626
seg_1bf7b3,2.5689652
seg_eb7f91,5.3073463
seg_5255c0,8.1616535
seg_3fdae0,6.519701
seg_98be13,6.5709295
seg_23323e,2.871994
seg_373a04,6.519701
seg_56e6f1,4.281252
seg_2313d1,4.089984
seg_970e86,9.231234
seg_ed52ac,9.017656
seg_7e3b3e,3.6040082
seg_658bf4,2.1925735
seg_e1468f,9.265024
seg_8310ea,7.5551567
seg_6d4fa6,4.037023
seg_b44c2e,7.571589
seg_a93a88,8.141914
seg_a39ebc,3.2944725
seg_25c8dc,7.3657937
seg_6d01a3,8.141914
seg_d328bb,3.1194756
seg_f43730,6.519701
seg_ba1d68,2.7453156
seg_41be7d,6.5709295
seg_4e2c66,2.2240825
seg_ef644a,5.473819
seg_570d69,9.633914
seg_c3f8d7,4.052024
seg_51f0a2,4.061235
seg_ad82ca,6.519701
seg_64f8dc,4.079898
seg_0f8961,9.670942
seg_adf986,6.509834
seg_1969c8,7.5551567
seg_c01f63,8.145222
seg_827804,4.033835
seg_b58542,3.9476595
seg_832a4d,3.5723786
seg_51b68c,9.658796
seg_1a0eca,6.519701
seg_72c307,7.540273
seg_407b2b,5.213914
seg_922990,4.0697155
seg_efd9ec,9.183042
seg_0ba585,3.5718212
seg_cf25d2,4.0852532
seg_aae025,8.143612
seg_5c1a4d,3.1422162
seg_0f565c,3.7085435
seg_3b2013,3.1154299
seg_4ca6de,6.519701
seg_a6e99c,2.1925735
seg_5597ed,3.6115503
seg_1cf1b5,3.5224776
seg_2916e3,8.172434
seg_d9b162,7.755296
seg_fb74f0,6.8676724
seg_7d718e,9.278806
seg_d0c8e2,3.1176217
seg_ff0f1b,3.5858624
seg_92310f,5.1863546
seg_08b136,8.145222
seg_2e88dd,6.5709295
seg_70991d,4.3642735
seg_c703be,6.710329
seg_586c0f,3.5980082
seg_ff79d9,3.148755
seg_ce472b,8.156001
seg_061a33,6.7973576
seg_f46cc1,2.5456102
seg_18fb65,2.9311259
seg_e66697,6.5055885
seg_c9e533,7.5606165
seg_c9831a,2.1925735
seg_c44bbc,3.0048177
seg_836aac,3.6563203
seg_683ddf,3.6093547
seg_c07b7c,4.0062222
seg_259c63,3.9882607
seg_c9481f,5.822831
seg_fdff11,2.2597713
seg_914a62,3.5009952
seg_18096a,6.5709295
seg_1201e8,3.5956016
seg_6b9d02,3.9794345
seg_4f5931,9.097465
seg_f003ca,7.540273
seg_83f928,9.226684
seg_32f72d,5.6168485
seg_a45455,4.0697155
seg_4f83a3,8.484287
seg_590fa5,6.519701
seg_f7290f,3.6250184
seg_fbff25,2.2260337
seg_8785e2,6.509834
seg_a133bc,4.0513372
seg_aa98cc,2.1925735
seg_e8bcde,3.2095253
seg_c01d9a,9.671857
seg_87e4e8,2.9180799
seg_077b7e,4.366333
seg_d47aba,3.617084
seg_2b372b,4.0622063
seg_e1a9e0,9.116569
seg_c87c24,4.09534
seg_55d50b,3.3023193
seg_b89e47,2.2364926
seg_0d762e,6.5709295
seg_e4f203,5.186998
seg_7b2994,3.9300785
seg_dab0f9,6.5478115
seg_82303e,3.3390672
seg_d5b100,3.7196407
seg_753ba6,2.9311259
seg_02042f,2.1925735
seg_4c12b2,2.9515405
seg_58e9f9,8.825764
seg_e6bd3f,3.617084
seg_a31d6e,7.792626
seg_07f8df,3.5658934
seg_76f76d,6.509834
seg_4b8044,4.3683295
seg_d9a2bb,4.033835
seg_db694a,5.377664
seg_f6659e,3.1271229
seg_32f3a9,6.5055885
seg_e86e44,3.6104386
seg_7a9228,2.9626353
seg_490092,9.091773
seg_b51380,9.635299
seg_478327,6.519701
seg_92092a,4.316765
seg_0c3943,2.878532
seg_74b3bd,6.519701
seg_bf4ec0,6.7109027
seg_54b0ee,6.9458647
seg_b6254c,3.5009952
seg_546864,9.506288
seg_2e71dd,2.8915777
seg_40b3aa,2.1925735
seg_abb03a,4.111319
seg_4a91a9,2.9415166
seg_cf646e,6.5709295
seg_e0c329,3.720787
seg_8c1760,8.145222
seg_fe2aac,3.6295464
seg_29022f,3.9734752
seg_2a8351,2.9936457
seg_0d663a,8.172434
seg_7fa6ec,2.246725
seg_14f5f0,8.172434
seg_b7da0a,3.1746678
seg_7a9f2b,2.9180799
seg_812962,4.033835
seg_eacccf,3.617289
seg_b89218,9.682751
seg_913ffc,5.567783
seg_5b392b,2.450357
seg_d1a8b3,2.322424
seg_57b6c0,5.1675863
seg_482745,4.9328094
seg_b2b331,3.9753826
seg_ff4236,4.1002707
seg_c565bd,3.9942358
seg_dd0b11,3.07798
seg_462c1d,6.519701
seg_311499,2.4613128
seg_f48db9,3.5886178
seg_2a4551,6.924565
seg_d146a6,2.9311259
seg_f6e89f,7.525895
seg_9e8ca4,9.004892
seg_f6b70c,7.030365
seg_279725,9.485216
seg_0c247b,6.4904394
seg_31c0f4,9.682751
seg_b47c19,6.509834
seg_73565e,3.4467156
seg_c6c29f,2.893432
seg_c571ef,5.1297693
seg_17067e,4.2095413
seg_ee4479,3.3179603
seg_e3ca24,7.5606165
seg_30501b,9.185653
seg_72aba8,5.1388364
seg_232559,8.393187
seg_0ba210,9.682751
seg_5c57a8,2.6916473
seg_2ed79b,4.0852532
seg_e98217,3.1684957
seg_f6f523,3.218132
seg_634f05,2.9624531
seg_7c2c48,2.2541428
seg_2e50fb,3.7264552
seg_c6f9c2,2.878532
seg_fb11ba,6.5709295
seg_f165f6,2.212988
seg_c7b424,8.8650255
seg_5d45db,6.5709295
seg_4a9e8d,8.141914
seg_8d6578,3.102072
seg_e9272e,3.3046083
seg_77db7b,9.2397
seg_9bd388,6.519701
seg_97a161,5.1444025
seg_476bdb,2.979269
seg_7fd6b7,9.2419815
seg_241266,3.0259202
seg_b52add,9.682751
seg_003339,8.172434
seg_fa4df0,3.9960399
seg_42e7e8,5.1558294
seg_d62e9c,2.878532
seg_35dd45,9.682751
seg_ba3c47,2.2364926
seg_45e4ed,3.2944725
seg_b64c9c,7.5606165
seg_fc8fd6,2.1925735
seg_4ea81c,3.4991987
seg_421a96,6.509834
seg_7020c5,7.540273
seg_bb5e15,3.1898422
seg_c267a5,3.6462348
seg_a39fa8,9.671857
seg_419531,8.2095375
seg_495573,9.395083
seg_e86ed1,9.66969
seg_140bc5,2.8915777
seg_dbc615,3.0680158
seg_9a812d,4.04158
seg_9757ac,8.722036
seg_8599ec,3.5115218
seg_a6eed3,2.9966433
seg_b21273,4.412622
seg_115617,2.9691043
seg_83ef67,9.00548
seg_29acb7,3.6195312
seg_484901,3.617084
seg_b95010,3.6093488
seg_709d08,5.617781
seg_ac9de5,2.9535546
seg_5e635a,2.5689652
seg_073696,9.024426
seg_214492,2.9515405
seg_aee9bf,3.1981614
seg_115a92,3.18891
seg_e5f9ec,6.721219
seg_81f798,2.265769
seg_fbf17a,8.879305
seg_2977cd,4.089984
seg_6de935,9.682751
seg_010eab,6.591737
seg_c6f533,3.3555577
seg_8a3306,3.6403124
seg_6f17de,2.9311259
seg_94c48c,7.595213
seg_6e5a38,2.9311259
seg_d661ce,3.0177581
seg_bca500,5.4101653
seg_9a1a4f,4.1605396
seg_f11f77,5.2929654
seg_78ded2,2.6011171
seg_ee87e2,3.1187782
seg_259d65,2.9415166
seg_41f45e,7.5551567
seg_6968c8,3.7050185
seg_878d2c,9.041352
seg_ee7224,2.7839253
seg_986976,6.5055885
seg_2099f4,6.5478115
seg_f7de40,8.8640375
seg_004314,2.2234464
seg_acd715,9.682751
seg_04a696,7.5606165
seg_8d4965,5.373423
seg_25cca7,8.172434
seg_141f34,9.682751
seg_53fa13,3.6250184
seg_a1a511,2.9311259
seg_3f2086,9.001472
seg_f93ce5,3.3682728
seg_5fe414,2.922451
seg_fbd66b,5.09391
seg_5559d9,2.1925735
seg_db606c,6.519701
seg_5445bc,3.5956016
seg_54af0d,2.9311259
seg_d16534,6.935755
seg_98c544,3.5435302
seg_112b81,6.5478115
seg_a8ddf7,2.9311259
seg_7eb108,9.657557
seg_455b16,3.7093816
seg_827c07,3.6040082
seg_383f2e,6.9664893
seg_762188,9.485216
seg_724df9,2.1925735
seg_1c849d,5.8035073
seg_0bb5fd,4.1195803
seg_3edf51,3.5831
seg_8456d3,3.1577659
seg_1c4c5b,5.1506844
seg_5e020f,4.823376
seg_5d333e,8.533012
seg_8fd465,2.9311259
seg_0879a8,8.619648
seg_652cc2,4.0618486
seg_3cba49,6.5709295
seg_20d9de,9.15087
seg_e9df42,7.6322293
seg_9f042e,6.8676724
seg_853302,7.8276443
seg_d014a3,9.419112
seg_b95a77,9.051299
seg_85e90e,8.172434
seg_dcd9df,2.212988
seg_08f441,3.617084
seg_f66db1,7.5551567
seg_7848f8,2.2234464
seg_23c947,2.1925735
seg_3e55d5,3.586211
seg_ade769,6.5478115
seg_18f633,2.1925735
seg_85c1c0,3.1998658
seg_086a61,8.978458
seg_32c904,8.656385
seg_830cff,4.0722923
seg_6fb17f,5.141419
seg_6d36a1,9.606076
seg_7f3ab0,4.1010323
seg_59de0b,2.2056193
seg_ea0091,4.089984
seg_807901,3.4938748
seg_cdf88e,2.1925735
seg_ac45ae,7.8025136
seg_ea8270,9.113704
seg_69dbad,5.8495326
seg_1c4e72,4.079898
seg_5311d1,2.9311259
seg_3af649,5.3102894
seg_5e8ef4,7.3257375
seg_55a0c3,4.0622063
seg_049957,9.682751
seg_fdc1d4,4.079898
seg_3788c5,9.053521
seg_bf4bf2,2.1925735
seg_06d4a2,3.6540103
seg_9fd9b8,6.5055885
seg_cc7a19,3.617084
seg_293dbf,3.592326
seg_4fce5b,3.4777162
seg_d1045e,9.66969
seg_735cdd,3.8773813
seg_e7d3e7,7.0011034
seg_2b4959,4.4476213
seg_ba9dbf,3.078152
seg_8fb828,9.025072
seg_5759c9,6.5709295
seg_14c89d,4.3790736
seg_41a267,9.682751
seg_8509db,4.337593
seg_beda44,5.2763286
seg_d2cb02,6.519701
seg_bf7224,2.922451
seg_bd7109,4.3517737
seg_d8014d,5.1743245
seg_f48363,3.9570737
seg_a2e2c8,3.0879724
seg_d398df,5.4101653
seg_0b3b94,5.1675863
seg_9f4fd4,8.978458
seg_4a2525,8.189998
seg_ffbd6a,2.1925735
seg_27f532,9.138482
seg_bcfad6,4.3138733
seg_1b1ad8,5.1157584
seg_f0db55,2.9311259
seg_6074f9,4.3221006
seg_a4ad7c,9.229349
seg_34a8f7,9.634047
seg_d21eb6,7.540273
seg_dc4698,3.961445
seg_425462,3.617084
seg_dbbb44,6.509834
seg_c0e1b9,4.106388
seg_3adb1a,4.2446966
seg_28fc32,6.5478115
seg_d1fbb8,9.6600485
seg_e2c82c,3.5900679
seg_fa9f00,3.7455022
seg_1ae362,8.172434
seg_5bfbf0,3.5689876
seg_2ee95c,9.15666
seg_b63de1,2.9311259
seg_6b2ce0,6.519701
seg_945bc8,3.6352007
seg_fcd32e,6.519701
seg_512b3e,8.741553
seg_755d50,3.2944725
seg_91f512,3.1502836
seg_fb9491,4.0062222
seg_cea185,4.062175
seg_efbf3e,6.519701
seg_121446,7.762521
seg_2d5544,3.6017952
seg_c7a579,7.5551567
seg_708349,8.856064
seg_9f22a0,7.792626
seg_e5e238,2.9311259
seg_a7b454,3.3492033
seg_4fd191,2.727482
seg_46c6d3,8.987778
seg_db6d5f,6.5922294
seg_a80123,3.3731287
seg_7c9433,5.1675863
seg_179d90,8.172434
seg_6eedcc,7.7694173
seg_6e12ae,4.0697155
seg_e7ac12,4.089984
seg_c5064e,8.448204
seg_b8745c,8.874029
seg_0cb81b,3.1889474
seg_30207d,9.139954
seg_ae3d92,4.026868
seg_136285,5.3590574
seg_1e0b82,8.172434
seg_0be6ee,2.9089816
seg_fcca66,4.0448833
seg_032822,3.617084
seg_f97274,2.8886676
seg_827a21,3.995539
seg_f2750c,6.5478115
seg_62331a,3.7042594
seg_d36342,7.5551567
seg_fbce13,2.9515405
seg_284923,9.682751
seg_946d71,9.432894
seg_4185b3,5.3115487
seg_b32d1d,2.9357848
seg_dc1cf0,9.051666
seg_70a60e,6.2745185
seg_29e799,5.7505374
seg_a88097,9.406247
seg_a88dde,8.016597
seg_0d833c,7.9235787
seg_4ddddc,7.506636
seg_b9ad7f,5.149894
seg_b7eeb6,6.519701
seg_c2b8f7,4.017268
seg_0b07c7,6.352218
seg_f71db8,6.568619
seg_1e572b,7.499821
seg_456149,9.029544
seg_baa745,6.5478115
seg_06d7ba,3.07798
seg_f6c0cb,2.965085
seg_1084af,4.380744
seg_03d63e,3.6250184
seg_94ecad,8.748833
seg_54490e,8.0205555
seg_ca44a8,3.9988272
seg_f229bf,4.4026737
seg_293dc2,2.6103132
seg_750244,6.5300174
seg_29d497,5.8329563
seg_6a05e7,3.617084
seg_7189ca,6.890119
seg_aaa2ae,2.878532
seg_355717,2.9393966
seg_d89369,2.7541246
seg_bf1430,5.7988563
seg_cf9a49,4.2832165
seg_934087,3.514998
seg_7d17eb,9.16972
seg_c81e10,7.931546
seg_07cd72,5.094958
seg_aec276,9.682751
seg_e1f045,5.1863546
seg_14c054,8.329405
seg_c90be5,8.92429
seg_8353f5,9.051666
seg_9a81a3,6.5478115
seg_2700bd,3.6119313
seg_8344ee,3.7377107
seg_0042cc,7.1754475
seg_0620e6,6.519701
seg_2883ec,8.172434
seg_c5c455,2.9311259
seg_9ca72e,3.5304117
seg_4280d9,9.682751
seg_ae32a6,5.2033615
seg_2bf9dd,8.125483
seg_7c6c31,8.172434
seg_325790,3.617084
seg_f4ad4b,4.0722923
seg_f11620,3.9912179
seg_a6e801,2.228898
seg_ee4ae5,2.9311259
seg_0165c6,8.7072315
seg_a03e6a,3.2403204
seg_038879,8.1616535
seg_2fb672,9.042604
seg_a247ac,9.142925
seg_cedf3e,8.468254
seg_45a8a9,3.3869758
seg_d6dad6,6.519701
seg_d78e7d,2.2234464
seg_2e2372,6.5709295
seg_b87cf5,8.684405
seg_7f786b,4.1130314
seg_bcc8f1,6.658698
seg_b4f7a8,5.0705037
seg_d39131,8.172434
seg_1fe311,9.633132
seg_e5c033,6.519701
seg_2bf5be,9.158686
seg_162fc4,6.5617146
seg_8f3dfe,5.3413653
seg_e5750a,9.3307705
seg_2a0ace,9.338902
seg_2597af,3.62722
seg_46dd7c,2.9311259
seg_26cba3,3.2944725
seg_0a1bd0,6.3411603
seg_153d6a,9.322306
seg_f5e682,2.9311259
seg_3bd97e,9.21579
seg_259dd3,9.191901
seg_fa488e,3.18891
seg_b02e31,8.1633835
seg_6681ee,2.1925735
seg_9b7f93,4.075071
seg_9f57c4,7.626953
seg_95357d,4.052024
seg_edecaa,5.3815675
seg_90e904,2.1925735
seg_5ad847,3.9153843
seg_ed7741,8.8236265
seg_d516e3,8.1616535
seg_09ed4e,9.682751
seg_0c74cf,2.228898
seg_82d7b6,4.0722923
seg_ddddf0,3.5115218
seg_74dda9,6.621675
seg_65fbac,8.029549
seg_b88baa,7.401876
seg_f86c41,4.089984
seg_3c8545,2.878532
seg_21faa9,9.682751
seg_d36681,8.764731
seg_a2fd8b,3.6296983
seg_fc407c,4.3501015
seg_75a878,4.059272
seg_9485c0,3.635988
seg_e4c15a,5.1675863
seg_c58ca5,5.665473
seg_b51b7c,4.0852532
seg_ab644e,5.3629155
seg_715e2c,6.66921
seg_614b50,2.212988
seg_6e12ee,2.878532
seg_41aadc,5.3648386
seg_05f9d6,6.909801
seg_2642d0,4.089984
seg_8ce632,3.5928295
seg_760d70,3.5738246
seg_b9d8a0,6.5709295
seg_63c8e4,9.682751
seg_05bef4,2.8915777
seg_b917b5,6.519701
seg_a8e6df,4.3252764
seg_53a557,3.679127
seg_d6b386,8.875942
seg_e54932,7.4773746
seg_0e9bb3,6.5478115
seg_c42490,3.974697
seg_9fc7c2,2.9801433
seg_eb2e11,6.591737
seg_d27812,4.029889
seg_e3dafa,9.682751
seg_0cca14,3.2832937
seg_97e4a9,9.004892
seg_fcb7d0,9.395083
seg_8c1e7d,2.2724633
seg_3128e6,4.0236526
seg_613702,4.0722923
seg_5e541f,2.2029638
seg_99f76c,3.783774
seg_a99be9,9.682751
seg_d32f8a,5.215095
seg_1f9aed,5.5931787
seg_ba83da,5.197403
seg_3d6e79,6.519701
seg_114b79,4.1130314
seg_b687fc,3.586211
seg_47d374,3.966602
seg_a0646a,2.9311259
seg_0cf651,2.2338371
seg_74d8cc,5.2040467
seg_3d19fc,3.5343852
seg_9ae1a1,9.485216
seg_1f1e60,8.876834
seg_d795ab,6.5300174
seg_f2b0c5,2.9753945
seg_b0f9cd,8.125483
seg_643f86,8.417811
seg_8dfd7a,2.2415905
seg_53103b,2.5559192
seg_8cd159,3.1818292
seg_1baf33,3.470822
seg_f073e2,4.315997
seg_40f810,4.052024
seg_7012af,9.682751
seg_d9dab4,9.485216
seg_0e1fbe,3.992347
seg_d1ca05,9.226684
seg_71348a,2.727482
seg_24c1c9,3.6461146
seg_f22163,9.671857
seg_63582a,9.472157
seg_0df469,3.2944725
seg_0c4e31,2.1925735
seg_1ece48,2.9311259
seg_5cfba9,8.630338
seg_ceb942,2.5559192
seg_2dccec,4.089984
seg_4cb0d7,4.0697155
seg_73b0f7,8.130339
seg_a80f6f,5.8259134
seg_31ddc5,8.152695
seg_b197e2,3.357602
seg_af2472,2.5481615
seg_d78093,3.628972
seg_fad815,4.019477
seg_b691c5,2.2234464
seg_93d864,5.8143015
seg_920132,8.37855
seg_2eccb9,2.878532
seg_5f0a92,4.075071
seg_cc4950,2.256907
seg_15c9f9,2.8374205
seg_5009d9,3.07798
seg_f0574b,4.033835
seg_b9bdd7,4.079898
seg_ab3f14,7.531355
seg_2383c2,6.519701
seg_f455bc,9.61697
seg_9c635d,9.087362
seg_758ca4,2.8915777
seg_a8bb2f,4.0068417
seg_eb692c,9.682751
seg_29d4c6,9.66969
seg_8c341c,7.792626
seg_04ae38,4.0825787
seg_295b1c,8.632968
seg_75654d,3.5224776
seg_b291c0,3.7566679
seg_941759,7.529083
seg_464839,5.3135977
seg_9d1b26,5.09391
seg_037461,3.232772
seg_4dfa03,2.4613128
seg_a99799,2.5559192
seg_48a80c,2.7860155
seg_1bd38e,8.125483
seg_a39f3b,7.506636
seg_395e0e,9.029544
seg_cd2b53,2.1925735
seg_158764,6.721219
seg_b378bc,2.2364926
seg_e25aca,4.017024
seg_24458d,6.1604176
seg_389906,7.540273
seg_9d7490,4.2832165
seg_c20c06,2.9311259
seg_ecdca4,3.6255481
seg_72858d,3.6250184
seg_a5934a,9.395083
seg_ca6d70,2.4613128
seg_f30f0c,6.838411
seg_a173d8,3.6668062
seg_88b289,9.251143
seg_b3cf21,4.1029453
seg_3ba485,9.6414795
seg_e86f77,2.9311259
seg_158691,4.197275
seg_31d810,6.92179
seg_0e3d44,3.1603172
seg_6153ca,9.16237
seg_9caf50,8.993005
seg_95644e,6.492929
seg_71238c,9.026459
seg_195eda,4.289632
seg_c41d1d,4.0697155
seg_4b953a,2.9311259
seg_53bdf5,8.141914
seg_df352f,2.83735
seg_703cea,7.5606165
seg_ae3388,7.5551567
seg_8bec6f,6.591797
seg_1ac9e2,4.0236526
seg_64dcf0,6.4821334
seg_5f352e,3.07798
seg_9c3ef8,7.4249015
seg_c12d7d,9.395083
seg_b3d886,3.102072
seg_82ce27,3.2994556
seg_d24095,9.01658
seg_bf1294,2.9515405
seg_8fc754,8.116489
seg_d098df,8.0109625
seg_a41c2c,6.519701
seg_c21d60,5.9001102
seg_ea4d3a,8.172434
seg_b52dac,4.0697155
seg_280e3b,4.0068417
seg_53caf1,7.506636
seg_19b08e,3.6250184
seg_5cfdc4,5.1303706
seg_8826f4,2.9311259
seg_5f46a5,8.879863
seg_c6b514,3.555418
seg_e20d76,4.079898
seg_22e509,3.2663288
seg_56e3e7,9.682751
seg_287e60,2.5052319
seg_65c4e1,6.854003
seg_533613,8.734662
seg_26049e,8.619648
seg_71f571,4.022663
seg_90ef18,9.682751
seg_05a1b0,4.013255
seg_d6b546,6.8255672
seg_b36650,4.0062222
seg_97d9ed,8.441978
seg_f5d2dd,9.211005
seg_d37b05,6.5382566
seg_f2a20d,3.6250184
seg_b35174,2.246725
seg_74235f,5.126816
seg_6da1ff,6.519701
seg_d60d18,4.307458
seg_899bf0,4.0607195
seg_f579ba,3.4977195
seg_661629,2.9536598
seg_440106,8.85954
seg_66820a,3.9015782
seg_c94941,2.1925735
seg_ca8389,3.4390583
seg_816b7a,2.2056193
seg_691a72,6.519701
seg_77c546,2.1925735
seg_9c3d6a,8.183123
seg_83f89e,8.172434
seg_ca407b,5.2040467
seg_b91ae2,3.6273446
seg_238242,7.5551567
seg_932828,9.027216
seg_517345,6.519701
seg_dcee28,4.9393587
seg_447cb3,9.485216
seg_afadfb,6.955436
seg_4848e3,4.0853577
seg_4435bd,3.419294
seg_81c432,2.8555346
seg_13c2f0,3.973316
seg_91bf8c,2.9311259
seg_d90c5f,3.7056222
seg_89f975,2.5867922
seg_3b7175,4.081123
seg_4abc29,2.4348001
seg_ec4645,4.0697155
seg_75e669,2.1925735
seg_df45b0,6.519701
seg_e05de2,2.7969713
seg_9d3013,7.531355
seg_9e25e9,4.0833406
seg_3d6aac,7.5551567
seg_966f3d,2.7322693
seg_1144bc,9.682751
seg_de4e1d,4.079898
seg_610379,4.0236526
seg_ed3e4c,7.472191
seg_85e9c6,8.172434
seg_aa508a,2.307108
seg_75e93c,3.1689928
seg_818382,5.215095
seg_3506d6,3.617084
seg_e4f403,3.6250184
seg_4d0041,8.1616535
seg_96cd5d,3.1998658
seg_c35940,2.9833732
seg_4b0839,2.1925735
seg_2a0afc,5.1156545
seg_a55a17,3.7358944
seg_121cba,2.900253
seg_9d452d,4.016309
seg_98a819,6.519701
seg_9b7ef8,9.682751
seg_18f853,4.079898
seg_57dd68,9.088334
seg_8a6b0e,3.0680158
seg_a0979e,6.934634
seg_c0260d,6.519701
seg_89e207,5.1524744
seg_f1a771,3.1677952
seg_4587bb,6.8676724
seg_468bc9,9.654539
seg_1c929e,3.6568866
seg_4c4995,6.519701
seg_ee1cfc,3.62722
seg_1fc7ab,6.5709295
seg_beb650,6.579509
seg_679dd2,8.029549
seg_c24946,3.696223
seg_890181,6.797265
seg_7fac26,9.245214
seg_3bf9ac,2.2364926
seg_f30b2f,6.519701
seg_8be2da,6.591737
seg_2d92f0,9.2130995
seg_ee2781,8.8650255
seg_d36737,2.932587
seg_b7b098,3.2532272
seg_dd780d,3.696223
seg_686edc,6.5478115
seg_176542,6.935755
seg_4ce234,6.519701
seg_411225,2.9311259
seg_222c5f,2.8176093
seg_4c3a2b,8.172434
seg_268249,6.5709295
seg_154361,8.172434
seg_d5f344,4.073883
seg_d71352,9.087428
seg_0339ca,5.09391
seg_be65f2,3.562932
seg_be62ef,6.5513983
seg_6422d1,6.8445544
seg_6d4109,7.5551567
seg_59058a,2.212988
seg_16a270,6.64613
seg_7bec10,9.419834
seg_944c98,2.2260337
seg_acf2f4,7.5551567
seg_11647f,3.5723786
seg_8d4435,3.6119776
seg_bbbc30,3.596381
seg_8244bf,4.052024
seg_76106f,9.3035555
seg_339f80,6.519701
seg_32d747,4.089984
seg_2642d4,5.8626566
seg_00184e,5.6076508
seg_68a484,8.846719
seg_de8180,2.2541428
seg_06893f,2.905616
seg_dbf3f2,2.9390225
seg_0dfe8c,4.0492144
seg_8681aa,7.5606165
seg_6ed49a,7.7963676
seg_f6f683,4.238489
seg_b13220,2.900253
seg_0a0fbb,9.66969
seg_70edf5,6.621297
seg_524b39,6.314061
seg_8d5113,5.224962
seg_2d3828,5.0045586
seg_1d980f,3.586211
seg_8e7fca,5.082862
seg_075f77,3.1898842
seg_e067ab,7.5551567
seg_0e8b79,9.2277155
seg_6d35cd,2.2234464
seg_9a7c46,5.400299
seg_903aba,9.172276
seg_b284b2,3.6610157
seg_660fe1,2.9311259
seg_ab2a78,2.9311259
seg_4729a7,3.747893
seg_5f7fd9,4.339629
seg_dca2c2,9.230854
seg_a5fbcc,4.033835
seg_f70b66,6.0175343
seg_fd6340,4.0697155
seg_496d07,3.5681124
seg_a2d47d,4.134366
seg_a009e6,6.5508246
seg_8d030a,4.1132317
seg_2367fb,7.8947663
seg_e48c23,7.5606165
seg_64bcb9,9.201641
seg_1c904f,2.8915777
seg_94d573,8.156001
seg_c047b7,5.093419
seg_af6204,4.0504036
seg_f8db0a,3.10902
seg_e13bd8,4.0236526
seg_6e98aa,3.9470186
seg_8baeab,4.1288776
seg_9c8162,6.519701
seg_3d059a,2.9666007
seg_30fd84,9.174759
seg_45b051,2.212988
seg_91eaeb,5.2549205
seg_ef9105,9.356219
seg_e217fc,5.0707264
seg_57ea44,2.6364653
seg_96db5e,4.0631495
seg_adf94a,2.1925735
seg_ad591c,7.5551567
seg_988e69,2.2438607
seg_49fdf0,9.027618
seg_6f60b2,3.009596
seg_20e9ad,3.6898777
seg_1010ad,8.145222
seg_0981f3,2.5559192
seg_ed07b0,3.62722
seg_63c983,2.9311259
seg_d9190c,4.049642
seg_f34877,7.472191
seg_d3d8fc,2.5866156
seg_f57ca1,9.682751
seg_c23641,3.9606836
seg_59d484,5.1675863
seg_4db886,8.837651
seg_5b8c39,3.2944725
seg_5e0902,2.909228
seg_739643,6.519701
seg_7c10c1,3.0640788
seg_0775a7,2.9311259
seg_dc23c0,9.15812
seg_fd19b8,8.990267
seg_0c1d3a,3.3308673
